ItemSerialID,SerialNumber
15166,0703042103V0574
15167,0703042103V0575
15168,0703042103V0569
15169,0703042103V0304
15170,0703042103V0285
15171,0703902110V2760
15172,0701582045I0245
15173,0701582045I0248
15174,0701582045I0247
15175,0701582045I1751
15176,0701582045I1746
15177,0701582045I0241
15178,0701582045I1750
15179,0701582045I1752
15180,0701582045I1749
15181,0701582045I0242
15182,1105608
15183,2105LZ505HZM
15184,2046LZ57DSR9
15185,2105LZ5177P9
15186,2105LZ50JCB9
15187,2105LZ50JC19
15188,2046LZ51HKTM
15189,2046LZ51HKBM
15190,2046LZ51HKNM
15191,070170204I0284
15192,070170204I0281
15193,070170204I0282
15194,070170204I0285
15195,01153535-9Y40088RQ
15196,01153535-1240005RN
15197,01153535-1240035RN
15198,01153535-1240001RN
15199,011153577-1140129RM
15200,011153577-1140101RM
15201,011153577-0Z40041RM
15202,011153577-0Z40039RM
15203,011153577-0Z40040RM
15204,NP-PA703ULG-1
15205,01153393-8240127TB
15206,X5RU020023L
15207,201908A0140
15208,201908A0030
15209,201908A0172
15210,201906A0459
15211,201908A0028
15212,201910A0029
15213,A2H5R6V
15214,A29Q1YY
15215,A2C7UYL
15216,A29A9T1
15217,A29A9RR
15218,A2AYMWQ
15219,A260J20
15220,A260J1T
15221,A260J13
15222,A260J2T
15223,A260J18
15224,A260HYH
15225,A260J0H
15226,A260J0U
15227,A260HXQ
15228,A260J3E
15229,A260J36
15230,A267TEH
15231,A260J2W
15232,A260J21
15233,A260J07
15234,A267TDK
15235,A260J01
15236,A260J0J
15237,A267TC6
15238,A260HYE
15239,A260J29
15240,A267TC8
15241,A260J19
15242,A260J2X
15243,A25VHF9
15244,A260J2N
15245,A260J0X
15246,47B100997630049
15247,47B100997630029
15248,47B100997630050
15249,47B100997630026
15250,47B100997630028
15251,47B100997630030
15252,47B100997630027
15253,47B100997630047
15254,47A100964330012
15255,47A100964330013
15256,47A100964330002
15257,47A100964330001
15258,47A100964330003
15259,47A100964330005
15260,A1JB-235-0014
15261,A1JB-235-0128
15262,A1JB-235-0127
15263,A16958V
15264,A2JRAH9
15265,A2F9FEQ
15266,A2CXHH8
15267,A2KAP7Y
15268,A2FQF94
15269,A25C4F4
15270,A21MMNW
15271,A29YJ83
15272,A1WDJHT
15273,A1WDJCU
15274,A1WDJHM
15275,A1WDJDU
15276,A1WDJDV
15277,A1WDJA5
15278,A1WDJAR
15279,A1WDJDF
15280,A1WDJF1
15281,A1AHDA1
15282,A23N1TY
15283,A19CY6R
15284,A1XU9UL
15285,A1XU9V0
15286,A1XU9UC
15287,A1XU9TY
15288,A1XU9U8
15289,A1XU9UN
15290,A19R706
15291,A2AAP7T
15292,A222P5M
15293,DNI24230B07
15294,DNI250606PB
15295,DNI250606M2
15296,FOC2433L1MC
15297,0Y902105NB
15298,VNA2DW7H
15299,VNA2DW79
15300,A1KB-255-0036
15301,A1L3-263-0043
15302,A1L3-263-0045
15303,A1M4-198-0039
15304,A1M4-198-0037
15305,A1L3-263-0044
15306,FCZ2518R6CS
15307,FOC2505PCSX
15308,FOC2505PCVT
15309,FOC2505PCVP
15310,FOC2505PCRQ
15311,FOC2505PCT0
15312,FOC2505PCTX
15313,FOC2505PCUL
15314,FOC2505PCPE
15315,FOC2505PCM8
15316,FOC2505PCK7
15317,FOC2505PCQ6
15318,FOC2417PAMP
15319,FOC2505PCX4
15320,GET23100258
15321,GET231001R5
15322,GET231002UX
15323,GET231002GI
15324,GET231003GU
15325,GET2310033I
15326,GET231000KE
15327,GET231002GQ
15328,FCT2508RBDK
15329,FCT2508RBED
15330,FCT2508RBDT
15331,FCT2508RBEG
15332,FST2505RDLX
15333,FST2505RDLH
15334,FST2505RDLL
15335,FST2504RCVS
15336,FST2504RCUM
15337,FST2504RCVE
15338,CTS-CAM60-BRKT-1
15339,CTS-CAM60-BRKT-2
15340,CTS-CAM60-BRKT-3
15341,CTS-CAM60-BRKT-4
15342,CTS-CAM60-BRKT-5
15343,FDO2437J8LN
15344,FDO2506J0NJ
15345,FDO2506J7HZ
15346,FDO2502J1T7
15347,FDO2437J9LF
15348,FDO2506J6ZD
15349,FDO2506J6NB
15350,FDO2437J72P
15351,CTS-CAM-P60-1
15352,CTS-CAM-P60-2
15353,A26P0TL
15354,A2ANPM8
15355,A275P17
15356,A2802L3
15357,A275LVF
15358,A25U9EK
15359,3SL23288970
15360,3SL24347454
15361,3SL33289022
15362,3SL24401982
15363,3SL24401968
15364,1290107894
15365,1300107977
15366,ES925/12-1
15367,ES925/12-2
15368,ES925/12-3
15369,ES925/12-4
15370,ES925/12-5
15371,A310AL-FM-1
15372,A310AL-FM-2
15373,A310AL-FM-3
15374,A310AL-FM-4
15375,A310AL-FM-5
15376,A310AL-FM-6
15377,A310AL-FM-7
15378,A310AL-FM-8
15379,A310AL-FM-9
15380,A310AL-FM-10
15381,A310AL-FM-11
15382,A310AL-FM-12
15383,A310AL-FM-13
15384,A310AL-FM-14
15385,A310AL-FM-15
15386,A310AL-FM-16
15387,A310AL-FM-17
15388,A310AL-FM-18
15389,A310AL-FM-19
15390,A310AL-FM-20
15391,B20210037
15392,B20210038
15393,B20210039
15394,B20210040
15395,075224H010110001AE
15396,A21W2CA
15397,A21W2CK
15398,A21W2C2
15399,A21W2C1
15400,A2CYVLR
15401,A23N6VN
15402,4563827
15403,4560847
15404,4528651
15405,4559998
15406,4570493
15407,4570482
15408,4570479
15409,3TI05971025
15410,3SL16901418
15411,SB930-1
15412,SB930-2
15413,SB930-3
15414,SB930-4
15415,SB930-5
15416,SB930-6
15417,SB930-7
15418,SB930-8
15419,SB930-9
15420,SB930-10
15421,SB930-11
15422,SB930-12
15423,SB930-13
15424,SB930-14
15425,SB930-15
15426,A400SMXLR-1
15427,A400SMXLR-2
15428,A400SMXLR-3
15429,A400SMXLR-4
15430,GS-218533
15431,GS-218529
15432,GS-218550
15433,GS-218536
15434,GS-218532
15435,6505323-1
15436,6505323-2
15437,2116JBH08253
15438,2116JBH08122
15439,2008JBH22446
15440,2009JBH05606
15441,1944NEJ09277
15442,6500187-1
15443,6500187-2
15444,6500187-3
15445,6502429-5
15446,6502429-6
15447,6502429-7
15448,6502429-8
15449,6502429-9
15450,6502429-10
15451,2035JBH29460
15452,2036JBH29086
15453,2036JBH29142
15454,2035JBH29461
15455,1921JBH30626
15456,1921JBH30168
15457,2013JBH11099
15458,2013JBH11123
15459,2048JBH00466
15460,6503183-1
15461,6503183-2
15462,6503183-3
15463,6503183-4
15464,6503183-5
15465,6503183-6
15466,6503183-7
15467,6503183-8
15468,6503183-9
15469,6503183-10
15470,6503183-11
15471,6511129-1
15472,2046NEJ08260
15473,US
15474,1945JFH11632
15475,K2JLWXMHFX
15476,NVJCWMT9D3
15477,H57VVY6VDL
15478,KD9PPH2D12
15479,VXR45V21MH
15480,V0MCQK95MH
15481,Q6QCLJQWKX
15482,QW5R456X30
15483,LQ4V1X971W
15484,KTV64Q5V6H
15485,WJ667C2DQ0
15486,XJNXY9J2X5
15487,FHVJ75T7T3
15488,LMJ4GGJMQP
15489,L217XYF3GD
15490,NQFQWGH61F
15491,KQ26JXDWXW
15492,YG216PJ6F1
15493,M23W3QFXG7
15494,QQGVGQHW9K
15495,M6DLQ30Q96
15496,FFKWR24FV0
15497,N5W225M62C
15498,N7357X6MP3
15499,VK91MVXX35
15500,JF6DM4QCMJ
15501,Y3537WR9DX
15502,V7N4YGHCDT
15503,RCV4NL7XKN
15504,FDQN6XG4NG
15505,PFXH2WVQK4
15506,T6HPF4VQG5
15507,D52RLW7P6W
15508,PKC4NC2WH9
15509,CWD467R2H2
15510,V57G50QM2F
15511,VYT6LY4TYX
15512,WP4DWMD9GR
15513,D794056NJJ
15514,T97XHJNVRF
15515,K6X541WG2C
15516,T6QM4L602K
15517,D4Q5L430GQ
15518,TVT7JHXG62
15519,KW6HN464D6
15520,JL91TXK70M
15521,DQDHF93TQN
15522,CD7J9MF6TX
15523,V0V9XLP7J9
15524,63490566
15525,63488091
15526,63489946
15527,63488217
15528,63490026
15529,63490541
15530,63490457
15531,63488176
15532,60742698
15533,60742754
15534,240468175
15535,240468176
15536,240468139
15537,240468118
15538,240468117
15539,D1E9AX003280
15540,DMRFDCTFQ1GC
15541,DMPF51G6Q1GC
15542,DMPFRLNELM93
15543,DMPF43S2LM93
15544,DMPF43S4LM93
15545,DMPGD06AQ196
15546,DMPGH0BJQ196
15547,DMPG4045Q196
15548,DMPG61VWQ196
15549,14X10609703225
15550,18L30M2BA01101
15551,315727113
15552,315727198
15553,Z210190P3
15554,H7HQH92NG4
15555,SG1123D01C
15556,SG1123D069
15557,01153350-0240002RF
15558,A2CHY3D
15559,A1WNYW5
15560,A1WNYT4
15561,140251614092400617
15562,FOC2416KKTP
15563,FOC2416KKNR
15564,FOC2416NZWH
15565,A2C0VW7
15566,A0898ZT
15567,MXC420DF/C-1
15568,MXC420DF/C-2
15569,MXC420DF/C-3
15570,MXC420DF/C-4
15571,2012SCQ04C69
15572,2012SCQ04C89
15573,2012SCQ06NF9
15574,2015SCQ01Z29
15575,2015SCQ02RQ9
15576,2015SCQ02RT9
15577,2012SCQ04AU9
15578,2002SCQ04V79
15579,2015SCQ02RS9
15580,2015SCQ02S09
15581,GP14H446JW
15582,A2EVNWR
15583,A2ENVXJ
15584,A2H64RW
15585,A2ENVWT
15586,A2H64UE
15587,A2H64RR
15588,A2H64RQ
15589,A2AE2PU
15590,A23WU9N
15591,A23WTYP
15592,A23WU9X
15593,A23WUW5
15594,A23WUM3
15595,A23WUM6
15596,A23WUM5
15597,840014206261-1
15598,840014206261-2
15599,840014206261-3
15600,840014206261-4
15601,840014206261-5
15602,8-52220-006511-1-1
15603,8-52220-006511-1-2
15604,8-52220-006511-1-3
15605,8-52220-006511-1-4
15606,8-52220-006511-1-5
15607,3215174
15608,FOC2707N7ZD
15609,GET261504Q7
15610,GET2615052O
15611,060271H93390001AE
15612,A2AQCRW
15613,A2AQCP9
15614,A2AQCU1
15615,X48600006747
15616,50B4097TA0057
15617,22075T9000834
15618,6502429-01
15619,6502429-02
15620,D1E9AU3000405
15621,A27A6J5
15622,A27A6P7
15623,A25XX1H
15624,A25XX2A
15625,A23EPTT
15626,A23EPTA
15627,A21HMLR
15628,003421-1
15629,003421-2
15630,005063-1
15631,005063-2
15632,003193-1
15633,003193-2
15634,003193-3
15635,009384-1
15636,009384-2
15637,2018WD024779
15638,060849Z92270185AE
15639,4-016842-804634-1
15640,4-016842-804634-2
15641,4-016842-804634-3
15642,S01-3202823-6
15643,2014NEJ01909
15644,2014NEJ01974
15645,P4620001T
15646,P4620005V
15647,005085-1
15648,005085-2
15649,003226-1
15650,003226-2
15651,003226-3
15652,1155117
15653,1155148
15654,1155143
15655,1155142
15656,1155149
15657,X58V150006L
15658,X58V150015L
15659,X58V160043L
15660,X54S0600052
15661,X2G600008067
15662,X2G600008069
15663,908618361421
15664,908618359436
15665,908618358163
15666,908618361883
15667,908618364423
15668,908618361881
15669,908618358165
15670,FOC2643HQDF
15671,FOC2643HQG9
15672,FOC2643HQG1
15673,6502429-1
15674,6502429-2
15675,6502429-3
15676,6502429-4
15677,1873213828
15678,A26HUHL
15679,3AA21363933
15680,3AA29994112
15681,A29CT2R
15682,51791-1-1
15683,51791-1-2
15684,51791-1-3
15685,51791-1-4
15686,51791-1-5
15687,51791-1-6
15688,51791-1-7
15689,51791-1-8
15690,51791-1-9
15691,1945JBH18216
15692,1161324
15693,1161320
15694,1161317
15695,1161321
15696,A2R2WV4
15697,A2W91U5
15698,CN-0GC5MT-FCC00-04F-C5KL
15699,23035726
15700,1948NEJ10672
15701,1948NEJ11030
15702,FTR100-1
15703,F0C2433L1ML
15704,3BB15016127
15705,3BB15016090
15706,3CG19887245
15707,5692984
15708,IC3104PL-08-F06908
15709,IC3104PL-08-F06959
15710,IC3104PL-08-F06936
15711,IC3104PL-08-F06883
15712,IC3104PL-08-F06939
15713,IC3104PL-08-F06957
15714,IC3104PL-08-F06897
15715,IC3104PL-08-F06868
15716,IC3104PL-08-F06964
15717,IC3104PL-08-F06938
15718,IC3104PL-08-F06963
15719,IC3104PL-08-F06896
15720,IC3104PL-08-F06943
15721,IC3104PL-08-F06961
15722,IC3104PL-08-F06962
15723,IC3104PL-08-F06933
15724,IC3104PL-08-F06926
15725,2329JVH10151
15726,2329JBH10146
15727,2324JBH01969
15728,2325NEJ03681
15729,6511127-1
15730,6511127-2
15731,2328ATH30324
15732,2328ATH30579
15733,2328ATH30507
15734,2319JBH04545
15735,2332NEJ24199
15736,6502429-11
15737,2329JBH05168
15738,2329JBH05182
15739,A1N9-067-0066
15740,A1N9-067-0064
15741,A1N9-067-0065
15742,ACF20908633
15743,ACF29942177
15744,ACF30951385
15745,ACF20908431
15746,1155198
15747,1155200
15748,1155194
15749,1155196
15750,A2TLM68
15751,A2TLMA4
15752,2337JBH02339
15753,2337JBH05668
15754,2327SY02UFS
15755,2336SY01QJ86
15756,2336SY01QJ79
15757,2336SY01QJ49
15758,2336SY01QJ39
15759,2336SY01QJ59
15760,2336SY01QJ69
15761,2336SY01MEC9
15762,2336SY01MEG9
15763,2336SY01MEF9
15764,2336SY01MED9
15765,2336SY01MEB9
15766,2336SY01MEE9
15767,2336SY01NEJ9
15768,2336SY01NEK9
15769,2336SY01NEL9
15770,2336SY01NEM9
15771,2336SY01NEP9
15772,2336SY01NEN9
15773,2338JBM06379
15774,A2UD1F9
15775,FOC2450N747
15776,GET231003FV
15777,GET231000LK
15778,GET231000KV
15779,GET231002JX
15780,2347ISM19077
15781,310202-1
15782,310202-2
15783,310202-3
15784,310202-4
15785,310202-5
15786,6-281127-232121-1
15787,6-281127-232121-2
15788,6VC93A5NA00E7
15789,19T30M28B01746
15790,19T30M28B01590
15791,HXHXWC06VH
15792,H9FFRQ7D9J
15793,CG27XY5Y64
15794,G6V2V320GD
15795,FY3393QMQ9
15796,6G3B355DA01EA
15797,A2VLHJX
15798,A2VLHKM
15799,A2QJ3HK
15800,A2QJ3EM
15801,A2QJ3N2
15802,A2QJ3HL
15803,A2VLHL0
15804,A2QJ3NM
15805,A2VLHK0
15806,A2T63LH
15807,A2QJ3MX
15808,A2QJ3Q5
15809,A2VLHKL
15810,A2T63JT
15811,A2VLHK5
15812,A2VLHKW
15813,A2QJ3FM
15814,A2QJ3MU
15815,A2QJ3MM
15816,A2VLHK2
15817,2339WD05BEF9
15818,2339WD05DC19
15819,2339WD05C5B9
15820,2339WD05B869
15821,A2W91X2
15822,A2W91CE
15823,A2W91WK
15824,A2W91W1
15825,A2W91XX
15826,A2W919L
15827,A2RXWRW
15828,A2W91AM
15829,A2W91C1
15830,A2W91AN
15831,A2W91WJ
15832,A2W9182
15833,A2W91WL
15834,A2W91A1
15835,A2W91WN
15836,A2W918M
15837,A2W91AC
15838,A2W91WU
15839,A2W9183
15840,A2W919T
15841,A2W919K
15842,A2W919R
15843,A2W91YD
15844,A2VKL56
15845,A2RXWCD
15846,A2W91WP
15847,A2W91A9
15848,A2W91WT
15849,A2W91YL
15850,A2W9190
15851,A2W91AF
15852,A2W91AT
15853,A2RXWT3
15854,A2W91XD
15855,OS2CP0019006H
15856,OS2CP0018706H
15857,0SC9P0004005H
15858,0SC9P0011605H
15859,0SC9P0011405H
15860,A2WHY2K
15861,A2WHWP5
15862,A2F98HE
15863,A2VQYPA
15864,A2W7MXH
15865,A2WHXVD
15866,A2WHWPN
15867,A2WHXVT
15868,A2WHXYY
15869,A2WHXVQ
15870,A2WHXV6
15871,A2WRFE4
15872,A2WRFM1
15873,A2WHXUT
15874,A2DLQDF
15875,A2WRFLW
15876,A2WHXW6
15877,A2WHXWP
15878,A2WHXV5
15879,A2WHWQJ
15880,A2WHXVF
15881,A2WHY2U
15882,A2WHWM7
15883,A2WRH94
15884,A2WRFEE
15885,A2WHXVJ
15886,A2WHXU6
15887,A2WHY30
15888,A2WHXUX
15889,A2WRH0F
15890,A2W7M8W
15891,A2WHXU8
15892,A2WHWMV
15893,A2WHWPL
15894,A2V95D3
15895,A2V95DV
15896,A2V959W
15897,A2V95DU
15898,A2V956C
15899,A2V9545
15900,A2V9595
15901,A2V95AJ
15902,A2V955W
15903,A2V95F0
15904,A2V95CD
15905,A2V95CE
15906,A2V958U
15907,A2V9531
15908,A2V95D1
15909,A2V954F
15910,A2V95EJ
15911,A2V95AT
15912,A2V955Q
15913,A2V952E
15914,A2V95A4
15915,A2NUUT1
15916,A2NUUU9
15917,A2Q87V6
15918,A2R4RD5
15919,A2R4RD2
15920,A2R3HPR
15921,A2R3HNK
15922,A2R0MRJ
15923,TYE2C8001352
15924,TYE2CP002695
15925,A2TLQ1X
15926,6502429-03
15927,2202JBH16496
15928,304874
15929,304866
15930,304870
15931,304879
15932,304867
15933,304880
15934,304877
15935,304865
15936,304868
15937,304881
15938,304864
15939,304871
15940,304883
15941,304875
15942,303876
15943,304882
15944,304878
15945,304873
15946,304872
15947,304869
15948,303770
15949,303773
15950,1948JBH11263
15951,06LC3K6T400455
15952,06LB3K6R900391
15953,CAB-18U-1
15954,CAB-18U-2
15955,CAB-18U-3
15956,CAB-42U-2
15957,05RF3K6NB00260
15958,04LH3K3KB0077
15959,995903019100652
15960,995903019100644
15961,995903019100603
15962,995903019100645
15963,995903019100646
15964,995903019100618
15965,995903019100649
15966,995903019100650
15967,01042401019160249
15968,01042401019160295
15969,312505016430859
15970,7368150-1
15971,7368150-2
15972,669101017510312
15973,735101018130167
15974,1045802019180336
15975,1045802019180306
15976,965602019130183
15977,1045802019180331
15978,735101018130176
15979,1181901019440265
15980,965602019030158
15981,735101018130177
15982,1045802019180311
15983,06L93K3R500079
15984,06L93K3R500100
15985,06L93K3R400012
15986,CAB-42U-1
15987,6956100400018-1
15988,6956100400018-2
15989,6956100400018-3
15990,SPS-502m-1
15991,SPS-502m-2
15992,SPS-502m-3
15993,SPS-502m-4
15994,C03907U054
15995,C03907U128
15996,C03907U119
15997,C03907U126
15998,01005322NB
15999,3X001389DB
16000,RMI3-FLIP-1
16001,RMI3-FLIP-2
16002,RMI3-FLIP-3
16003,RMI3-FLIP-4
16004,305INTX5Y267
16005,305INLV5Y296
16006,305INNG5Y303
16007,305INAR5Y304
16008,305INUB5Y302
16009,305INGQ5Y295
16010,305INEW5Y300
16011,306NSA33262
16012,CAB-42U-3
16013,91-NS10-1
16014,300322
16015,RPAU-1
16016,RPAU-2
16017,FSR1U-1
16018,PRG-UNV-W-1
16019,PRG-UNV-W-2
16020,PRG-UNV-W-3
16021,CMA100-1
16022,CMA100-2
16023,NB-ACC-058-1
16024,ACC852W-1
16025,ACC852W-2
16026,ACC852W-3
16027,02464490293034BC
16028,8440264152
16029,8021298212
16030,A29P76L
16031,A29P7E5
16032,A2D9NNX
16033,A2CPDL8
16034,401287
16035,1350
16036,1360
16037,3AV18992271
16038,3AV18988302
16039,3AV18988314
16040,3TI07165766
16041,3AV1899257
16042,3AV18992601
16043,3TI0716288
16044,3AV1899269
16045,3AV8992562
16046,3TJ21679704
16047,3TJ21679932
16048,3TJ21679944
16049,3TJ21679970
16050,3AV18992550
16051,1404-0324
16052,A0XAVF6
16053,51791-1-10
16054,51791-1-11
16055,51791-1-12
16056,51791-1-13
16057,51791-1-14
16058,51791-1-15
16059,51791-1-16
16060,51791-1-17
16061,51791-1-18
16062,51791-1-19
16063,21344129
16064,1948JBH10704
16065,1938JBH00736
16066,1938JBH00982
16067,11105417
16068,6510597-1
16069,FR807370081
16070,FR807370055
16071,FR807370009
16072,FR807370054
16073,FR807370040
16074,FR807370097
16075,U-905-024640-A
16076,U-905-024639-A
16077,U-905-024642-A
16078,A0XAW0J
16079,A17LPPA
16080,A1C40LW
16081,A1EFK8D
16082,91407550
16083,91407590
16084,A23D8TQ
16085,A23D8U2
16086,A20VAQ8
16087,A20VAL2
16088,A20VAMY
16089,A20VAPH
16090,A22Y315
16091,A23H3WF
16092,A23H3W9
16093,A21HMLV
16094,A25A2UV
16095,1750NEJ11302
16096,A24DWRA
16097,A24DWQK
16098,A2CX9DU
16099,15602CFL220901671
16100,15602CFL220901670
16101,14406ASL62102722709
16102,14406ASL62102722708
16103,14406ASL62102722707
16104,912102001064
16105,ESE-Ha-1
16106,ESE-Ha-2
16107,ESE-Ha-3
16108,ESE-Ha-4
16109,ESE-Ha-5
16110,AT831CW-1
16111,AT831CW-2
16112,AT831CW-3
16113,AT831CW-4
16114,5CD3380YXL
16115,A1LXP8V
16116,A1KMYW3
16117,A1LXP9Y
16118,A1VR2U0
16119,A1VR09F
16120,A1VR2T0
16121,A1VR0LL
16122,A0TJR2N
16123,A1UWCRU
16124,A256EDL
16125,A26F5CM
16126,A1YW8X0
16127,A1YRYTX
16128,A1YW8Y3
16129,A1YW8R0
16130,A1YW8U8
16131,A1YTDHR
16132,A1YW8RV
16133,A1YW8RU
16134,A1YW900
16135,A1YW8R4
16136,A1YW903
16137,A1YTDJE
16138,A26KACT
16139,A26KA7W
16140,A261EX8
16141,A26KAA1
16142,A252CKJ
16143,A26KA7C
16144,A252CKQ
16145,A26KA9U
16146,A261EY7
16147,A2466C5
16148,A26K9QW
16149,A26KAAW
16150,A26KA7V
16151,A261F03
16152,A26K9P6
16153,A26KA1H
16154,A26K9NR
16155,A26K9RN
16156,6506261-1
16157,6506260-1
16158,6506260-2
16311,3DH01027920
16313,12121212
16314,12312322
16776,333676339
16777,3346748774
16778,3346748972
16779,10013463001464
16780,100013463001456
16781,5028695603196
16782,NULL
16783,NULL
16784,NULL
16785,NULL
16786,NULL
16787,NULL
16788,NULL
16789,NULL
16790,NULL
16791,NULL
16792,NULL
16793,NULL
16794,NULL
16795,NULL
16796,NULL
16797,NULL
16798,NULL
16799,NULL
16800,101183
16801,100934
16802,NULL
16803,NULL
16804,NULL
16805,NULL
16806,NULL
16807,NULL
16808,NULL
16809,NULL
16810,NULL
16811,NULL
16812,NULL
16813,NULL
16814,NULL
16815,NULL
16816,3346748904
16817,3346748858
16818,3346748854
16819,NULL
16820,2144532
16821,NULL
16822,NULL
16823,5955842
16824,NULL
16825,2143779
16826,2143778
16827,7165726
16828,NULL
16829,NULL
16830,NULL
16831,NULL
16832,NULL
16833,NULL
16834,NULL
16835,NULL
16836,NULL
16837,NULL
16838,NULL
16839,NULL
16840,NULL
16841,NULL
16842,NULL
16843,NULL
16844,NULL
16845,NULL
16846,NULL
16847,NULL
16848,NULL
16849,NULL
16850,NULL
16851,NULL
16852,8311227900121
16853,NULL
16854,NULL
16855,NULL
16856,NULL
16857,NULL
16858,NULL
16859,NULL
16860,NULL
16861,NULL
16862,NULL
16863,NULL
16864,NULL
16865,NULL
16866,NULL
16867,NULL
16868,NULL
16869,NULL
16870,NULL
16871,NULL
16872,NULL
16873,NULL
16874,NULL
16875,NULL
16876,NULL
16877,NULL
16878,101184
16879,94
16880,NULL
16881,NULL
16882,NULL
16883,NULL
16884,NULL
16885,NULL
16886,NULL
16887,NULL
16888,1190150778
16889,1190150773
16890,1190150774
16891,1190150780
16892,NULL
16893,NULL
16894,NULL
16895,NULL
16896,NULL
16897,NULL
16898,NULL
16899,NULL
16900,NULL
16901,NULL
16902,NULL
16903,NULL
16904,NULL
16905,NULL
16906,NULL
16907,NULL
16908,NULL
16909,6201107180083
16910,NULL
16911,NULL
16912,NULL
16913,NULL
16914,NULL
16915,NULL
16916,NULL
16917,NULL
16918,NULL
16919,NULL
16920,NULL
16921,NULL
16922,NULL
16923,NULL
16924,NULL
16925,6166151
16926,NULL
16927,NULL
16928,NULL
16929,NULL
16930,NULL
16931,NULL
16932,NULL
16933,NULL
16934,NULL
16935,NULL
16936,NULL
16937,NULL
16938,NULL
16939,NULL
16940,NULL
16941,NULL
16942,NULL
16943,NULL
16944,NULL
16945,NULL
16946,NULL
16947,NULL
16948,NULL
16949,NULL
16950,NULL
16951,NULL
16952,NULL
16953,NULL
16954,NULL
16955,NULL
16956,NULL
16957,NULL
16958,NULL
16959,NULL
16960,NULL
16961,NULL
16962,NULL
16963,NULL
16964,NULL
16965,30450959
16966,NULL
16967,NULL
16968,NULL
16969,NULL
16970,NULL
16971,NULL
16972,NULL
16973,NULL
16974,NULL
16975,NULL
16976,NULL
16977,NULL
16978,NULL
16979,NULL
16980,NULL
16981,NULL
16982,NULL
16983,NULL
16984,NULL
16985,NULL
16986,NULL
16987,NULL
16988,NULL
16989,NULL
16990,NULL
16991,NULL
16992,NULL
16993,NULL
16994,NULL
16995,NULL
16996,NULL
16997,NULL
16998,NULL
16999,NULL
17000,NULL
17001,NULL
17002,NULL
17003,NULL
17004,552021030345
17005,NULL
17008,A0JXDP2 E23992
17009,A0N81X1 E24819
17010,787513055 ER12810
17011,707642009 ER12762
17012,707642013 ER12762
17013,A0B6XU7  E23590
17014,A0F9WD0 E23590
17015,A05GHTS ER19004
17016,A00VSGU ER15167
17017,A00WQXI ER16580
17018,A0BYP7V ER23154
17019,EXT0000000000379
17020,642445013 ER0827
17021,643359024 ER0827
17022,643359036 ER0827
17023,643359037 ER0827
17024,643359022 ER0827
17025,A01UL81 ER17694
17026,A00NZ20 ER16547
17027,A05Y01IP ER19330
17028,NULL
17029,N101369LN
17030,106140030000200
17031,P0133734
17032,N/A
17033,N/A
17034,N/A
17035,NULL
17036,NULL
17037,N/A
17038,N/A
17039,N/A
17040,N/A
17041,N/A
17042,N/A
17043,N/A
17044,N/A
17045,N/A
17046,N/A
17047,CONE664434
17048,3CB6-X50877-2Z
17049,DA-SNAP-DM69X110NPA130DIC
17050,N/A
17051,OSSR3K6NC02611N
17052,NULL
17053,98002800NB
17054,A29Q1YY
17055,N/A
17056,N/A
17057,08JF3K4W500219J
17058,08JF3K4W500292A
17059,08JF3K4W500311B
17060,08JF3K4W500278J
17061,NULL
17062,N/A
17063,AS-S2-CC1540
17064,AS-S2-CC1840
17065,N/A
17066,N/A
17067,N/A
17068,JC02777
17069,1404-0014
17070,N/A
17071,NULL
17072,ETLBNOC154949-791F40H7
17073,E39298170
17074,E39397977
17075,3AB07606043
17076,3AB07606055
17077,2TG27535082
17078,2TG27535119
17079,2TG27535551
17080,2TG37535537
17081,2TG27535094
17082,N/A
17083,A2UH38X
17084,050547Z40770084AE
17085,050547Z50780051AE
17086,N/A
17087,N/A
17088,029309910530002BP
17089,N/A
17090,N/A
17091,PSZ24321KZ7
17092,N/A
17093,GLS-ODT-C-CN
17094,D1N-4DIMFLV4
17095,2002SCQ04X89
17096,DTPHDMI4K230TX
17097,A2649NF
17098,A2649MC
17099,A2648WW
17100,A26DEPC
17101,A26DECP
17102,A25J9L2
17103,A26DEJ4
17104,A222P1A
17105,ECC11057
17106,ECC12505
17107,ECC11113
17108,ECC12501
17109,3SL16901381
17110,3AA2995858
17111,3AA29995872
17112,3AA29995810
17113,3AA21363301
17114,3AA29993882
17115,3AA29993919
17116,3AA29993921
17117,3AA29993894
17118,3AA29994023
17119,3AA29992386
17120,N/A
17121,A21W2CB
17122,A21W2CD
17123,NULL
17124,A1KC-244-0017
17125,A2HWVQW
17126,AOOVSGU
17127,AOOWQX1
17128,A28EX9U
17129,A285TT2
17130,A24X9YA
17131,A26AX1C
17132,A28876L
17133,A2HYU4V
17134,A2HYU51
17135,NULL
17136,NULL
17137,NULL
17138,NULL
17139,06LB3K6R900391
17140,09U33K6X401335
17141,A26FJRC
17142,A26F5L2
17143,60-1271-1
17144,A2599UF
17145,A29YJ6A
17146,A21Y8WR
17147,1946MT005DC9
17148,1949MT020899
17149,2SL13565098
17150,N/A
17151,FSR1U
17152,NULL
17153,2010JBH05503
17154,2010JBH20977
17155,2005NEJ07643
17156,2005NEJ07704
17157,2010NEJ08230
17158,2010NEJ08104
17159,2010JBH0457S
17160,N/A
17161,PSZ24411HS3
17162,A29CYEQ
17163,NULL
17164,NULL
17165,NULL
17166,NULL
17167,NULL
17168,NULL
17169,NULL
17170,NULL
17171,NULL
17172,NULL
17173,NULL
17174,NULL
17175,NULL
17176,NULL
17177,NULL
17178,OSST3K6N900103
17179,OSST3K6N900083
17180,O6LB3K6W300557E
17181,O8JJ3K6W602311Y
17182,O8JJ3K6W600056M
17183,O8JJ3K1W600203
17184,O8JJ3K6W602624H
17185,O8JJ3K1W60019S
17186,O8JJ3K6W602313K
17187,O8JJ3K6W600041V
17188,O8JJ3K6W600062Z
17189,O8JJ3K6W602314B
17190,O8JJ3K1W600032
17191,N/A
17192,N/A
17193,N/A
17194,N/A
17195,N/A
17196,N/A
17197,N/A
17198,N/A
17199,N/A
17200,N/A
17201,N/A
17202,N/A
17203,N/A
17204,N/A
17205,N/A
17206,N/A
17207,N/A
17208,N/A
17209,N/A
17210,N/A
17211,N/A
17212,N/A
17213,N/A
17214,N/A
17215,N/A
17216,N/A
17217,N/A
17218,N/A
17219,N/A
17220,N/A
17221,N/A
17222,N/A
17223,N/A
17224,N/A
17225,N/A
17226,N/A
17227,N/A
17228,N/A
17229,N/A
17230,N/A
17231,N/A
17232,N/A
17233,N/A
17234,NULL
17235,N/A
17236,WA9085
17237,RL8060
17238,UG2020
17239,UF2017
17240,NULL
17241,400-0500-00
17242,R9801272
17243,WACY83801155
17244,WACW00900068
17245,WACW00900073
17246,WACW73800635
17247,WACW31100103
17248,WACW00100024
17249,WACW52700466
17250,WACW00900074
17251,WACW00900075
17252,QHZF00003632
17253,N4VF00031873
17254,N4VF00031871
17255,N4VF00031879
17256,N4VF00031875
17257,N4VF00006213
17258,QHXF00002478
17259,QHXF00002358
17260,QHXF00002477
17261,QHXF00002359
17262,QHXF00002363
17263,N26F00013625
17264,N26F000013624
17265,N28F00033785
17266,N28F00033783
17267,X3HQ00009566
17268,X3HQ00009572
17269,X3HQ00009735
17270,X3HQ00009570
17271,X3HQ00009564
17272,MT1065/MT1060
17273,A1AH98
17274,A2C6P81
17275,A2AANFL
17276,A2AANM1
17277,A2C6PA6
17278,A2C6P83
17279,A2C6POD
17280,A2C6P79
17281,A2AAPDL
17282,A2990HA
17283,A29906R
17284,A2AAP94
17285,A2AAPAF
17286,A2AAPD5
17287,A2AAPAD
17288,A2DNCJX
17289,A2DNCJA
17290,A2DNCCCL
17291,A26EY53
17292,NULL
17293,NULL
17294,NULL
17295,NULL
17296,F0C2134NKXY
17297,F0C2134NKZS
17298,N/A
17299,N/A
17300,N/A
17301,N/A
17302,N/A
17303,N/A
17304,12 AWG (250FT)
17305,2400MHZ(104M)
17306,"14 AWG (152,4M)"
17307,750HMCORAXCABLE(305M)
17308,A033E0Q
17309,A0B5JXX
17310,22-236-03
17311,NULL
17312,NULL
17313,NULL
17314,NULL
17315,NULL
17316,NULL
17317,NULL
17318,NULL
17319,NULL
17320,NULL
17321,NULL
17322,NULL
17323,NULL
17324,NULL
17325,NULL
17326,NULL
17327,FOC2141PDMD
17328,FOC2135N85Q
17329,FOC213P9G7
17330,CTS-5K-CAM-CLSTR
17331,AOAGBO
17332,1002005R00159677
17333,AOAG1BA
17334,15M1LS-INS(600V)
17335,KOKA799
17336,NULL
17337,NULL
17338,NULL
17339,NULL
17340,NULL
17341,NULL
17342,NULL
17343,NULL
17344,NULL
17345,NULL
17346,NULL
17347,NULL
17348,NULL
17349,NULL
17350,NULL
17351,NULL
17352,NULL
17353,NULL
17354,TYZ21300273
17355,TYZ21300275
17356,TYZ21300274
17357,TYZ21300272
17358,TYZ21300271
17359,TYZ21300276
17360,TYZ2126BO87
17361,C5-31U001-2-B-2
17362,C5-31U001-2-A-1
17363,C5-11U001-2-C-3
17364,N/A
17365,1404-0003
17366,1404-0021
17367,1404-0011
17368,NULL
17369,NULL
17370,NULL
17371,NULL
17372,NULL
17373,NULL
17374,NULL
17375,NULL
17376,NULL
17377,NULL
17378,NULL
17379,NULL
17380,NULL
17381,NULL
17382,NULL
17383,NULL
17384,NULL
17385,NULL
17386,NULL
17387,NULL
17388,NULL
17389,NULL
17390,NULL
17391,NULL
17392,N/A
17393,N/A
17394,E63600249
17395,N/A
17396,NULL
17397,NULL
17398,NULL
17399,003KCMRN7963
17400,003KCPYN7952
17401,0SSX3K6N900336
17402,210505X33B0357
17403,210505X33130300
17404,077804Z90080093AE
17405,811-1102-0127
17406,N/A
17407,005.158.153
17408,NULL
17409,NULL
17410,NULL
17411,10130203900241
17412,077165223390297AE
17413,3079005
17414,3085149
17415,CR/9WSCAP0008514
17416,N/A
17417,N/A
17418,1404-0141
17419,N/A
17420,N/A
17421,NULL
17422,b80bd4031
17423,D806D1012
17424,S190800592CCY
17425,NULL
17426,A40BD3052
17427,N/A
17428,A09WXXB
17429,A13NY56
17430,A0ACHC9
17431,NULL
17432,NULL
17433,NULL
17434,4PU37770A10C9
17435,B7301009
17436,010230.184
17437,001.063.087
17438,NULL
17439,NULL
17440,218010323
17441,3147987
17442,508030264
17443,0070253514100100032
17444,DVS304A
17445,A0V5HWD
17446,A0V5HTT
17447,A0UL4AV
17448,A0UPDVL
17449,A0UL4JJ
17450,A0V58D3
17451,A0V5HTV
17452,A0V5HVP
17453,A0V58DJ
17454,A0VPDWX
17455,A0V5HVO
17456,A0V5HRO
17457,A0VM8D6
17458,A0W89AP
17459,A0V9XVJ
17460,A0WJCHQ
17461,A0W88QN
17462,A0W88Y5
17463,A0W88X3
17464,A0W89A7
17465,A0W890P
17466,A0W898A
17467,A0WJC78
17468,A0T2HWU
17469,A1JE7MF
17470,A1JE7M3
17471,A06Y2ACE
17472,F0C2106N4EN
17473,1509TMB22P59B004
17474,210505X46A0109
17475,80li
17476,B73801809
17477,NULL
17478,A8AX750A00359
17479,A8AX750A00354
17480,A049RE7
17481,A0JM6J6
17482,A0N81X1
17483,A0JXDPV
17484,1286PYS
17485,A0BQPIT
17486,NULL
17487,MC-1210-00011
17488,129090T3
17489,A0MK84R
17490,A0MK84P
17491,A0MK83A
17492,A0MK83L
17493,A0MK84T
17494,A0MK84H
17495,A0MK84B
17496,AOMK84K
17497,A0MK856
17498,A0MK854
17499,A0MK84D
17500,A0MK84L
17501,A0V6VKT
17502,A0WJC74
17503,A0TAQDX
17504,AHA10-LTM192T-003471
17505,117J9515-2A0119185
17506,A0V95PQ
17507,A094PGL
17508,A11NEHE
17509,00107F3D29DC
17510,1404-0139
17511,NULL
17512,MC-1210-00082
17513,129090T3
17514,MX-1210-0019
17515,E39296681
17516,E39296637
17517,E39296788
17518,NULL
17519,NULL
17520,NULL
17521,NULL
17522,NULL
17523,NULL
17524,NULL
17525,NULL
17526,NULL
17527,NULL
17528,NULL
17529,OOA4008D
17530,OOA01017
17531,OOA401E8
17532,OOA4003C
17533,OOA401AB
17534,OOA40047
17535,OOA401B2
17536,OOA401F5
17537,OOA401EE
17538,OOA40011
17539,OOA40178
17540,OOA401B8
17541,OOA401E9
17542,OOA40033
17543,OOA40041
17544,OOA401F3
17545,OOA400A4
17546,OOA401DF
17547,OOA401B5
17548,OOA4010A
17549,OOAY01E5
17550,OOA40189
17551,OOA401BB
17552,OOA401E3
17553,OOA40064
17554,OOA401B3
17555,OOA401E7
17556,998110500914010030
17557,99811050098810007
17558,998110500914010008
17559,998110500914010016
17560,NULL
17561,1131123
17562,03-7100084-0
17563,VN9CA001017
17564,NULL
17565,B72900787
17566,NULL
17567,OC6BE2
17568,04283D1334
17569,0066AD
17570,03LL3K6J800097
17571,OSSC3K6M700274
17572,N/A
17573,98002830NB
17574,98002801NB
17575,98002822NB
17576,98002892NB
17577,N/A
17578,N/A
17579,69000729NB
17580,N/A
17581,N/A
17582,N/A
17583,N/A
17584,N/A
17585,N/A
17586,N/A
17587,N/A
17588,N/A
17589,N/A
17590,N/A
17591,N/A
17592,N/A
17593,N/A
17594,N/A
17595,N/A
17596,N/A
17597,N/A
17598,N/A
17599,N/A
17600,N/A
17601,N/A
17602,N/A
17603,N/A
17604,N/A
17605,N/A
17606,N/A
17607,N/A
17608,N/A
17609,N/A
17610,N/A
17611,N/A
17612,N/A
17613,N/A
17614,N/A
17615,N/A
17616,N/A
17617,N/A
17618,N/A
17619,N/A
17620,N/A
17621,N/A
17622,N/A
17623,N/A
17624,N/A
17625,N/A
17626,N/A
17627,N/A
17628,N/A
17629,N/A
17630,N/A
17631,N/A
17632,N/A
17633,N/A
17634,N/A
17635,N/A
17636,N/A
17637,N/A
17638,N/A
17639,N/A
17640,N/A
17641,N/A
17642,N/A
17643,N/A
17644,N/A
17645,N/A
17646,N/A
17647,N/A
17648,N/A
17649,N/A
17650,N/A
17651,N/A
17652,N/A
17653,AT8666RSC.4.3
17654,AT8666RSC.4.4
17655,AT8666RSC.4.6
17656,AT8666RSC.4.2
17657,AT8666RSC.4.5
17658,AT8666RSC.4.7
17659,AT8666RSC.4.1
17660,ES935SML6.4.1
17661,ES935SML6.4.3
17662,ES935SML6.4.5
17663,ES935SML6.4.4
17664,ES935SML6.4.6
17665,ES935SML6.4.7
17666,30008810
17667,225553RKS2A0249
17668,42341AU2400363
17669,OBR-755443
17670,ORB755546
17671,ORB755159
17672,ORB886701
17673,ORB886700
17674,ORB755545
17675,ORB755163
17676,ORB755544
17677,US002110
17678,US009100
17679,US007120
17680,S0306
17681,001.157.151
17682,001.159.023
17683,001.158.009
17684,001.157.120
17685,001.158.245
17686,001.157.160
17687,001.157.166
17688,001.157.171
17689,001.157.119
17690,001.157.041
17691,"001.158.232'
17692	001.158.086"""
17693,001.157.133
17694,001.157.088
17695,001.158.144
17696,001.157.134
17697,001.158.028
17698,001.158.242
17699,001.159.027
17700,001.158.035
17701,001.158.053
17702,001.158.078
17703,001.158.206
17704,001.157.188
17705,001.159.004
17706,001.157.020
17707,001.159.011
17708,001.157.113
17709,001.157.142
17710,001.157.214
17711,001.157.019
17712,001.158.179
17713,001.157.209
17714,001.157.128
17715,001.158.135
17716,001.158.250
17717,N/A
17718,NULL
17719,N/A
17720,05S13K6N900411
17721,08JL3K6W500416Y
17722,08JL3K6W500151V
17723,08JL3K6W50005A
17724,08JL3K6W500348B
17725,08JL3K6W50040SM
17726,06LC3K6W300031E
17727,N/A
17728,N/A
17729,PJ01UCM
17730,SU010001
17731,N/A
17732,N/A
17733,05095gs11007
17734,N/A
17735,N/A
17736,N/A
17737,N/A
17738,N/A
17739,N/A
17740,N/A
17741,N/A
17742,PDWS32-SSP
17743,N/A
17744,08JB3K1W500134
17745,08JB3K1W400023
17746,08JB3K1W600237
17747,N/A
17791,21435-009-55
17792,21090-300-55
17793,181104474
17794,029309901660012BP
17795,A2CV2HQ
17796,A2CV2HJ
17797,02930901520043BP
17798,0293099705020209AP
17799,A25T05P
17800,080394Z11900088BE
17801,080394Z11900084BE
17802,080394Z11900166BE
17803,080394Z1190077BE
17804,080394Z100400S1BE
17805,080394Z11900083BE
17806,080394Z11900156BE
17807,080394Z11900092BE
17808,A2DWEMQ
17809,A26PODF
17810,A275NQX
17811,5707990-N
17812,808KCYQMC322
17813,ZBD83SGD800145R
17814,NEXT3MSZ500026J
17815,05JF3K4W5002195J
17816,08JF3K4W500272A
17817,MULTI8YMCV6T-TM
17818,98002800N8
17819,18001971NB
17820,92000368NB
17821,1945NEJO7668
17822,1952JBH16901
17823,1938JBH03079
17824,1922JBH08885
17825,1922JBH22555
17836,A22X9D7
17837,A22X97E
17838,A25U85J
17839,A25U8H5
17841,AOBV889-EE22447
17842,AOBV88X-EE22447
17843,A25U7L1
17844,A25U96Y
17845,UCCLY01109
17846,KUU141978
17847,3DH01029762
17848,24BS8332
17849,COSM0133D6SX116NPAMW220
17851,DA-SNAP-DM69X110NPA130DI04
17852,3CB6-X50877-23
17853,BARONET/HW08/28/07
17854,WNS00800162
17855,F9D003672
17856,F9D003682
17857,F9D003671
17858,F9D002047
17859,003-004774-01
17860,F9D003681
17861,A282CY8
17862,25CN2408V40062
17863,25CN2408V40065
17864,25CN2408V40064
17865,25CN2345V40104
17866,25CN2401V1V40021
17867,E90X18839
17868,E90X15956
17869,E90X18817
17870,E90X12903
17871,E90X11634
17872,E90X18818
17873,E90X12374
17874,E90X14631
17875,OS400397
17876,OS400347
17877,OS400373
17878,OS400291
17879,OS400444
17880,OS400294
17881,A2CV23T
17882,A2CV26W
17883,A2CV2DL
17884,A281M1P
17885,A27CHUJ
17886,A281LY4
17887,A281LY3
17888,A27CHPF
17889,A27CHUR
17890,A27CHUQ
17891,A27CHQC
17892,A27CHQA
17893,A27CHPE
17894,A27CHUK
17895,04YNHNIK300266W